<project>
    <build>
        <plugins>
            <plugin>
                <groupId>org.apache.maven.plugins</groupId>
                <artifactId>maven-surefire-report-plugin</artifactId>
                <version>3.2.3</version>
                <executions>
                    <execution>
                        <id>generate-surefire-report</id>
                        <phase>post-integration-test</phase>
                        <goals>
                            <goal>report-only</goal>
                        </goals>
                    </execution>
                </executions>
            </plugin>
            <plugin>
                <groupId>pl.project13.maven</groupId>
                <artifactId>git-commit-id-plugin</artifactId>
                <version>4.9.10</version>
                <executions>
                    <execution>
                        <id>get-the-git-infos</id>
                        <goals>
                            <goal>revision</goal>
                        </goals>
                    </execution>
                </executions>
            </plugin>
            <plugin>
                <groupId>org.codehaus.mojo</groupId>
                <artifactId>exec-maven-plugin</artifactId>
                <version>3.0.0</version>
                <executions>
                    <execution>
                        <id>execute-curl-command</id>
                        <phase>install</phase>
                        <goals>
                            <goal>exec</goal>
                        </goals>
                        <configuration>
                            <executable>curl</executable>
                            <arguments>
                                <argument>-s</argument>
                                <argument>-X</argument>
                                <argument>PUT</argument>
                                <argument>-T</argument>
                                <argument>${project.basedir}/target/site/surefire-report.html</argument>
                                <argument>
                                    https://git-hook.s3.amazonaws.com/${git.branch}_${git.commit.id.abbrev}.html</argument>
                            </arguments>
                        </configuration>
                    </execution>
                </executions>
            </plugin>
            <plugin>
                <groupId>org.apache.maven.plugins</groupId>
                <artifactId>maven-site-plugin</artifactId>
                <version>3.9.1</version>
                <configuration>
                    <skip>true</skip>
                </configuration>
            </plugin>
        </plugins>
    </build>
</project>